Company,Domain,Category,Austin Confirmed,URL
"myshyft","myshyft.com","Corporate","Yes","https://www.myshyft.com/blog/employee-wellness-programs-austin-texas/"
"Employee Wellness Program in Austin, TX","nwcorporatewellness.com","Corporate","Yes","https://www.nwcorporatewellness.com/austin"
"Corporate & Employee Wellness Programs in Austin, TX","workhousewellness.com","Corporate","Yes","https://workhousewellness.com/corporate-wellness-group-programs"
"Corporate Wellness","austinymca.org","Corporate","Yes","https://www.austinymca.org/corporate/"
"Mayor's Health & Well-being Council","mhwcaustin.org","Corporate","Yes","https://mhwcaustin.org/mayors-healthiest-workplaces/"
"UT Austin Employee Experience","hr.utexas.edu","Corporate","Yes","https://hr.utexas.edu/learning-development/resources/employee-experience"
"Top Health and Wellness Providers in Texas","corehealth.global","Corporate","Yes","https://corehealth.global/blog/health-wellness-providers-texas/"
"Top  Building Events in Austin You Can't Miss","offsite.com","Corporate","Yes","https://www.offsite.com/blog/team-building-events-in-austin"
"Company Retreat Austin Texas","theoffsiteco.com","Corporate","Yes","https://www.theoffsiteco.com/previousretreats/austintx157"
"8 Best Locations For Corporate Retreat In Austin for 2026","teamout.com","Corporate","Yes","https://www.teamout.com/corporate-retreat/austin"
"Book Your Corporate Events","beerburgevents.com","Corporate","Yes","https://beerburgevents.com/events/corporate-events/"
"Corporate Event Venue & Space in Austin, TX","vuka.co","Corporate","Yes","https://vuka.co/event-space/corporate-events/"
"Corporate Retreat Locations in Austin TX","monikerpartners.com","Corporate","Yes","https://www.monikerpartners.com/blog/austin-corporate-retreat-venues"
"Austin  Building","fireflyteamevents.com","Corporate","Yes","https://fireflyteamevents.com/team-building-locations/austin-team-building/"
"Austin, TX  Building Activities and Events","thegogame.com","Corporate","Yes","https://www.thegogame.com/locations/austin"
"Austin  Building Activities & Events","adventureassoc.com","Corporate","Yes","https://www.adventureassoc.com/location/texas/austin/"
"Building","theescapegame.com","Corporate","Yes","https://theescapegame.com/austin/team-building/"
"Building Austin","teambuilding.com","Corporate","Yes","https://teambuilding.com/activities/united-states/tx/austin"
"15 Austin -Building Ideas: From Beat-the-Heat to ...","fulltiltteams.com","Corporate","Yes","https://www.fulltiltteams.com/blog/team-building-austin"
"Austin  Building & Corporate Events","adventuregamesinc.com","Corporate","Yes","https://www.adventuregamesinc.com/locations/texas-team-building/austin-team-building/"
"Top 7 Unique Outdoor  Building Activities in Austin, TX","horseandbow.com","Corporate","Yes","https://horseandbow.com/top-6-unique-outdoor-team-building-activities-in-austin-tx/"
"Scavenger Hunts in Austin, TX","watsonadventures.com","Corporate","Yes","https://watsonadventures.com/location/austin/"
"64+ Best  Building Activities in Austin in 2025","teamland.com","Corporate","Yes","https://www.teamland.com/locations/austin"
"Leadership Training","fathomtraining.com","Corporate","Yes","https://fathomtraining.com/leadership_training_austin"
"trainsmartinc","trainsmartinc.com","Corporate","Yes","https://www.trainsmartinc.com/austin/"
"Austin","google.com","Corporate","Yes","https://www.google.com/about/careers/applications/locations/austin/"
"Agile in HR: HR Advisor near Austin, TX","agileinhr.com","Corporate","Yes","https://www.agileinhr.com/"
"Human Resources Department","austintexas.gov","Corporate","Yes","https://www.austintexas.gov/department/human-resources-department"
"Austin, TX, USA","wpengine.careers","Corporate","Yes","https://wpengine.careers/austin/"
"A wild offsite retreat in Austin","surfoffice.com","Corporate","Yes","https://www.surfoffice.com/locations/austin"
"Building Austin, Texas","outbackteambuilding.com","Corporate","Yes","https://www.outbackteambuilding.com/locations/austin-tx/"
"Austin  Building & Corporate Experiences","austindetours.com","Corporate","Yes","https://austindetours.com/corporate-experiences/"
"Neumora","neumoratx.com","Female-Led","Yes","https://neumoratx.com/"
"Halia -The Genetic Resilience Company","haliatx.com","Female-Led","Yes","https://haliatx.com/"
"businessinsider","businessinsider.com","Female-Led","Yes","https://www.businessinsider.com/female-led-robotics-startup-diligent-raises-seed-funding-2019-9?IR=T"
"Female Entrepreneurs in Austin Who are Crushing It","bigimpacthq.com","Female-Led","Yes","https://bigimpacthq.com/austin-entrepreneurs/"
"How Are Women in Tech Shaping Austin's Tech Ecosystem?","nucamp.co","Female-Led","Yes","https://www.nucamp.co/blog/coding-bootcamp-austin-tx-how-are-women-in-tech-shaping-austins-tech-ecosystem"
"Austin Software Companies with a Woman CEO","gregslist.com","Female-Led","Yes","https://gregslist.com/austin/software-companies-other/woman-ceo/"
"austintechnologycouncil.org","austintechnologycouncil.org","Female-Led","Yes","https://austintechnologycouncil.org/cool-things-entrepreneurs-do-podcast-episode-9-unaliwear-with-founder-jean-anne-booth"
"7 questions with Major Darling CEO Laura Davis","atxtoday.6amcity.com","Female-Led","Yes","https://atxtoday.6amcity.com/7-questions-with-major-darling-ceo-laura-davis"
"awtaustin.org","awtaustin.org","Female-Led","Yes","https://awtaustin.org/about"
"austinwomenintech.org","austinwomenintech.org","Female-Led","Yes","https://austinwomenintech.org/"
"Schedule for the Austin Women Leaders Association","austinwomenleaders.org","Female-Led","Yes","https://austinwomenleaders.org/"
"Leadership","austin.swe.org","Female-Led","Yes","https://austin.swe.org/leadership-2/"
"MI7 : Connect your software to electronic health records","mi7.io","Industry","Yes","https://www.mi7.io/"
"RazorMetrics Expands Executive","razormetrics.com","Industry","Yes","https://razormetrics.com/2023/03/09/razormetrics-expands-executive-team/"
"Project Manager","cloud9health.ai","Industry","Yes","https://www.cloud9health.ai/project-manager---healthcare-software"
"Top Healthcare Startups in Austin, TX","wellfound.com","Industry","Yes","https://wellfound.com/startups/l/austin/health-care"
"curecompanion","curecompanion.com","Industry","Yes","https://curecompanion.com/about-us/"
"Our Story","crossoverhealth.com","Industry","Yes","https://crossoverhealth.com/our-story/"
"AffiniPay","affinipay.com","Industry","Yes","https://www.affinipay.com/careers/"
"apptension","apptension.com","Industry","Yes","https://www.apptension.com/blog-posts/fintech-companies-austin"
"Uncovering Austin FinTech as an Ecosystem","seobrien.com","Industry","Yes","https://seobrien.com/uncovering-austin-fintech-as-an-ecosystem"
"60 Top E-commerce Companies in Austin · December 2025","f6s.com","Industry","Yes","https://www.f6s.com/companies/e-commerce/united-states/texas/austin/co"
"15 Top Tech Companies in Austin [Leaders & Market ...","doit.software","Industry","Yes","https://doit.software/blog/tech-companies-in-austin"
"Top E-Commerce Developers in Austin","clutch.co","Industry","Yes","https://clutch.co/developers/ecommerce/austin"
"Best 10 eCommerce Development Companies in Austin","clickpost.ai","Industry","Yes","https://www.clickpost.ai/blog/ecommerce-development-usa/austin"
"Retail & E-Commerce","austintexas.org","Industry","Yes","https://www.austintexas.org/meeting-professionals/why-austin/austin-industries/retail-ecommerce/"
"BigCommerce Austin  May, 2025 (Hiring Now!)","zippia.com","Industry","Yes","https://www.zippia.com/bigcommerce-careers-1415812/jobs/austin-tx/"
"Top 10 Tech Companies in Austin, Texas","apptunix.com","Industry","Yes","https://www.apptunix.com/blog/top-tech-companies-in-austin-texas/"
"The 25 Best Tech Companies in Austin to Work For","flatironschool.com","Industry","Yes","https://flatironschool.com/blog/best-tech-companies-austin/"
"Cart.com moves global headquarters to Austin","cart.com","Industry","Yes","https://cart.com/newsroom/cart-com-moves-global-headquarters-to-austin"
"darkhive","darkhive.com","Growth","Yes","https://www.darkhive.com/post/defense-tech-startup-darkhive-secures-21-million-series-a-investment-led-by-ten-eleven-ventures"
"Setpoint raises $31M led by a16z for lending software","therealdeal.com","Growth","Yes","https://therealdeal.com/texas/austin/2024/08/15/setpoint-raises-31m-led-by-andreesen-horowitz/"
"CesiumAstro Secures $65M in Oversubscribed Funding Round","businesswire.com","Growth","Yes","https://www.businesswire.com/news/home/20240618783414/en/CesiumAstro-Secures-65M-in-Oversubscribed-Funding-Round"
"realworklabs","realworklabs.com","Growth","Yes","https://www.realworklabs.com/careers"
"Location: Austin, TX","gpj.com","Growth","Yes","https://www.gpj.com/news-insights/location/austin-tx/"
"Texas IT","sigmainfo.com","Growth","Yes","https://www.sigmainfo.com/about/jobs/"
"Apple Opportunities in Austin, TX","apple.com","Growth","Yes","https://www.apple.com/careers/us/work-at-apple/locations/austin.html"
"cyberstreams","cyberstreams.com","Growth","Yes","https://cyberstreams.com/careers"
"Search Identity Software  in Austin, Texas","sailpoint.com","Growth","Yes","https://www.sailpoint.com/company/careers?elqct=Website&elqchannel=OrganicDirect"
"Corporate Events","swiftfitevents.com","Corporate","Verify","https://www.swiftfitevents.com/corporate-wellness"
"Locations Around the World","cirrus.com","Corporate","Verify","https://www.cirrus.com/careers/locations"
"For Businesses","livegevity.co","Corporate","Verify","https://www.livegevity.co/corporate"
"People Operations Specialist @ Miro","jobs.accel.com","Corporate","Verify","https://jobs.accel.com/companies/miro/jobs/45168200-people-operations-coordinator"
"People Experience","careers.bigcommerce.com","Corporate","Verify","https://careers.bigcommerce.com/teams/people-experience/"
"digitalocean","digitalocean.com","Corporate","Verify","https://digitalocean.com/careers/people-team"
"Culture","q2.com","Corporate","Verify","https://www.q2.com/company/why-work-at-q2/culture"
"Company Retreat Budget Examples","boompop.com","Corporate","Verify","https://boompop.com/blog/5-company-retreat-budget-examples"
"The Power of the SKO (Sales Kickoff Meeting)","chiefoutsiders.com","Corporate","Verify","https://www.chiefoutsiders.com/blog/power-of-the-sko"
"20 Incredible Women-Founded AI Companies","glasshalffunded.com","Female-Led","Verify","https://glasshalffunded.com/20-incredible-women-founded-ai-companies/"
"50+ Investors and Funds for Female Founders","atto.vc","Female-Led","Verify","https://www.atto.vc/news/investors-for-female-founders"
"WomenTech Network","womentech.net","Female-Led","Verify","https://www.womentech.net/community/womentech-network"
"— Women in Fintech The Leading Global Community ...","womeninfintech.com","Female-Led","Verify","https://www.womeninfintech.com/about"
"smallbusinessworldmagazine","smallbusinessworldmagazine.com","Female-Led","Verify","https://www.smallbusinessworldmagazine.com/article/859922071-four-kitchens-welcomes-colleen-carroll-as-ceo-launching-a-new-chapter-of-women-in-leadership"
"Distill Health: Healthcare Marketing Agency","distillhealth.com","Industry","Verify","https://distillhealth.com/"
"Health Tech Startups funded by Y Combinator (YC) 2025","ycombinator.com","Industry","Verify","https://www.ycombinator.com/companies/industry/health-tech"
"springhealth","springhealth.com","Industry","Verify","https://www.springhealth.com/about-us"
"Circadia Health:","circadia.health","Industry","Verify","https://circadia.health/about"
"omnius.so","omnius.so","Industry","Verify","https://www.omnius.so/blog/leading-us-fintech-startups"
"Top 10 Fintech Software Development Companies of 2026","imaginarycloud.com","Industry","Verify","https://www.imaginarycloud.com/blog/top-fintech-development-companies"
"Working at Q2","topworkplaces.com","Industry","Verify","https://topworkplaces.com/company/q2ebanking/"
"9 Awesome FinTech Startups to Check Out During Your  ...","hatchit.io","Industry","Verify","https://www.hatchit.io/fintech-startups-to-check-out-during-your-job-search/"
"Aalo Atomics Raises $27M Series A Funding","energycentral.com","Growth","Verify","https://www.energycentral.com/energy-biz/post/aalo-atomics-raises-27m-series-funding-rlZvUf7YfqxXH9N"
"1000+ YC Requested Startups Fall 2025","insights.tryspecter.com","Growth","Verify","https://insights.tryspecter.com/yc-requested-startups-fall-2025/"
"outpost.us","outpost.us","Growth","Verify","https://outpost.us/post/outpost-raises-12-5-million-series-a-funding/"
"blog.nexus.xyz","blog.nexus.xyz","Growth","Verify","https://blog.nexus.xyz/series-a/"
"prnewswire","prnewswire.com","Growth","Verify","https://www.prnewswire.com/news-releases/expressable-raises-26m-series-b-to-expand-access-to-its-technology-enabled-speech-therapy-solution-302151537.html"
"finance.yahoo","finance.yahoo.com","Growth","Verify","https://finance.yahoo.com/news/quilt-raises-33m-launch-smartest-100000582.html"
"Join our mission-driven","esper.com","Growth","Verify","https://esper.com/careers/"
"IT  & Employment Opportunities","improving.com","Growth","Verify","https://www.improving.com/careers/"
"Join Our Humbly Awesome Software Development","praxent.com","Growth","Verify","https://praxent.com/careers"